id,url
1,https://place.map.kakao.com/1874178690
2,https://place.map.kakao.com/14567452
3,https://place.map.kakao.com/881887666
4,https://place.map.kakao.com/15818685
5,https://place.map.kakao.com/27391641
6,https://place.map.kakao.com/2130149558
7,https://place.map.kakao.com/15508787
8,https://place.map.kakao.com/1234555779
9,https://place.map.kakao.com/10342295
10,https://place.map.kakao.com/1399349565
11,https://place.map.kakao.com/26948881
12,https://place.map.kakao.com/21342132
13,https://place.map.kakao.com/1986260055
14,https://place.map.kakao.com/532875978
15,https://place.map.kakao.com/76989512
16,https://place.map.kakao.com/1874178690
17,https://place.map.kakao.com/14567452
18,https://place.map.kakao.com/881887666
19,https://place.map.kakao.com/15818685
20,https://place.map.kakao.com/27391641
21,https://place.map.kakao.com/2130149558
22,https://place.map.kakao.com/15508787
23,https://place.map.kakao.com/1234555779
24,https://place.map.kakao.com/10342295
25,https://place.map.kakao.com/1399349565
26,https://place.map.kakao.com/26948881
27,https://place.map.kakao.com/21342132
28,https://place.map.kakao.com/1986260055
29,https://place.map.kakao.com/532875978
30,https://place.map.kakao.com/76989512
31,https://place.map.kakao.com/1874178690
32,https://place.map.kakao.com/14567452
33,https://place.map.kakao.com/881887666
34,https://place.map.kakao.com/15818685
35,https://place.map.kakao.com/27391641
36,https://place.map.kakao.com/2130149558
37,https://place.map.kakao.com/15508787
38,https://place.map.kakao.com/1234555779
39,https://place.map.kakao.com/10342295
40,https://place.map.kakao.com/1399349565
41,https://place.map.kakao.com/26948881
42,https://place.map.kakao.com/21342132
43,https://place.map.kakao.com/1986260055
44,https://place.map.kakao.com/532875978
45,https://place.map.kakao.com/76989512
46,https://place.map.kakao.com/1676208114
47,https://place.map.kakao.com/26858863
48,https://place.map.kakao.com/20706332
49,https://place.map.kakao.com/2142515097
50,https://place.map.kakao.com/1681238250
51,https://place.map.kakao.com/2019801909
52,https://place.map.kakao.com/727780795
53,https://place.map.kakao.com/27596356
54,https://place.map.kakao.com/17180407
55,https://place.map.kakao.com/1194567292
56,https://place.map.kakao.com/23480275
57,https://place.map.kakao.com/1551766058
58,https://place.map.kakao.com/12091570
59,https://place.map.kakao.com/1744478913
60,https://place.map.kakao.com/1114147333
61,https://place.map.kakao.com/1118339601
62,https://place.map.kakao.com/140527598
63,https://place.map.kakao.com/27436603
64,https://place.map.kakao.com/2087728013
65,https://place.map.kakao.com/529851956
66,https://place.map.kakao.com/59378154
67,https://place.map.kakao.com/21314103
68,https://place.map.kakao.com/17155692
69,https://place.map.kakao.com/1296555163
70,https://place.map.kakao.com/1866533508
71,https://place.map.kakao.com/15111969
72,https://place.map.kakao.com/1706269697
73,https://place.map.kakao.com/1938195034
74,https://place.map.kakao.com/11823509
75,https://place.map.kakao.com/745210904
76,https://place.map.kakao.com/86770396
77,https://place.map.kakao.com/1169735393
78,https://place.map.kakao.com/26644198
79,https://place.map.kakao.com/2064565238
80,https://place.map.kakao.com/27436681
81,https://place.map.kakao.com/22763262
82,https://place.map.kakao.com/13300076
83,https://place.map.kakao.com/234898457
84,https://place.map.kakao.com/8641868
85,https://place.map.kakao.com/27276923
86,https://place.map.kakao.com/458201929
87,https://place.map.kakao.com/22550444
88,https://place.map.kakao.com/780108318
89,https://place.map.kakao.com/377072176
90,https://place.map.kakao.com/9153270
91,https://place.map.kakao.com/86770396
92,https://place.map.kakao.com/1169735393
93,https://place.map.kakao.com/26644198
94,https://place.map.kakao.com/2064565238
95,https://place.map.kakao.com/27436681
96,https://place.map.kakao.com/22763262
97,https://place.map.kakao.com/13300076
98,https://place.map.kakao.com/234898457
99,https://place.map.kakao.com/8641868
100,https://place.map.kakao.com/27276923
101,https://place.map.kakao.com/458201929
102,https://place.map.kakao.com/22550444
103,https://place.map.kakao.com/780108318
104,https://place.map.kakao.com/377072176
105,https://place.map.kakao.com/9153270
106,https://place.map.kakao.com/159313643
107,https://place.map.kakao.com/766046626
108,https://place.map.kakao.com/254631179
109,https://place.map.kakao.com/12364442
110,https://place.map.kakao.com/1037196364
111,https://place.map.kakao.com/14707742
112,https://place.map.kakao.com/163642613
113,https://place.map.kakao.com/16171995
114,https://place.map.kakao.com/1564913318
115,https://place.map.kakao.com/346317197
116,https://place.map.kakao.com/15698705
117,https://place.map.kakao.com/1258111819
118,https://place.map.kakao.com/24160437
119,https://place.map.kakao.com/26924582
120,https://place.map.kakao.com/853192658
121,https://place.map.kakao.com/1460865891
122,https://place.map.kakao.com/1500905935
123,https://place.map.kakao.com/508508014
124,https://place.map.kakao.com/1752110137
125,https://place.map.kakao.com/266260479
126,https://place.map.kakao.com/868755529
127,https://place.map.kakao.com/1941692451
128,https://place.map.kakao.com/27181404
129,https://place.map.kakao.com/8516178
130,https://place.map.kakao.com/520447689
131,https://place.map.kakao.com/1578043317
132,https://place.map.kakao.com/21390672
133,https://place.map.kakao.com/479258379
134,https://place.map.kakao.com/15809950
135,https://place.map.kakao.com/26317358
136,https://place.map.kakao.com/1590438587
137,https://place.map.kakao.com/7907443
138,https://place.map.kakao.com/11295900
139,https://place.map.kakao.com/610741145
140,https://place.map.kakao.com/14666115
141,https://place.map.kakao.com/1049809557
142,https://place.map.kakao.com/1638654664
143,https://place.map.kakao.com/10397894
144,https://place.map.kakao.com/2042897816
145,https://place.map.kakao.com/27519582
146,https://place.map.kakao.com/877155889
147,https://place.map.kakao.com/24869509
148,https://place.map.kakao.com/462951897
149,https://place.map.kakao.com/971551511
150,https://place.map.kakao.com/1837512260
151,https://place.map.kakao.com/8799625
152,https://place.map.kakao.com/21323790
153,https://place.map.kakao.com/1665003130
154,https://place.map.kakao.com/13581495
155,https://place.map.kakao.com/1453260089
156,https://place.map.kakao.com/797446683
157,https://place.map.kakao.com/1315723828
158,https://place.map.kakao.com/450307831
159,https://place.map.kakao.com/261655717
160,https://place.map.kakao.com/601434033
161,https://place.map.kakao.com/25160402
162,https://place.map.kakao.com/278807677
163,https://place.map.kakao.com/25118762
164,https://place.map.kakao.com/1531960250
165,https://place.map.kakao.com/11226106
166,https://place.map.kakao.com/8799625
167,https://place.map.kakao.com/21323790
168,https://place.map.kakao.com/1665003130
169,https://place.map.kakao.com/13581495
170,https://place.map.kakao.com/1453260089
171,https://place.map.kakao.com/797446683
172,https://place.map.kakao.com/1315723828
173,https://place.map.kakao.com/450307831
174,https://place.map.kakao.com/261655717
175,https://place.map.kakao.com/601434033
176,https://place.map.kakao.com/25160402
177,https://place.map.kakao.com/278807677
178,https://place.map.kakao.com/25118762
179,https://place.map.kakao.com/1531960250
180,https://place.map.kakao.com/11226106
181,https://place.map.kakao.com/2065394692
182,https://place.map.kakao.com/724821886
183,https://place.map.kakao.com/1014093517
184,https://place.map.kakao.com/8947912
185,https://place.map.kakao.com/21323905
186,https://place.map.kakao.com/243310751
187,https://place.map.kakao.com/1361763675
188,https://place.map.kakao.com/16014416
189,https://place.map.kakao.com/324405971
190,https://place.map.kakao.com/1830157990
191,https://place.map.kakao.com/935640855
192,https://place.map.kakao.com/9053975
193,https://place.map.kakao.com/11813911
194,https://place.map.kakao.com/922808226
195,https://place.map.kakao.com/585080783
196,https://place.map.kakao.com/2119673908
197,https://place.map.kakao.com/1224099552
198,https://place.map.kakao.com/17225323
199,https://place.map.kakao.com/1579032099
200,https://place.map.kakao.com/632468732
201,https://place.map.kakao.com/24924013
202,https://place.map.kakao.com/848146441
203,https://place.map.kakao.com/274119991
204,https://place.map.kakao.com/27344726
205,https://place.map.kakao.com/2017609824
206,https://place.map.kakao.com/1609558752
207,https://place.map.kakao.com/582394902
208,https://place.map.kakao.com/454412435
209,https://place.map.kakao.com/219227261
210,https://place.map.kakao.com/1507085310
211,https://place.map.kakao.com/713486459
212,https://place.map.kakao.com/27258679
213,https://place.map.kakao.com/331363212
214,https://place.map.kakao.com/1813246940
215,https://place.map.kakao.com/1225809321
216,https://place.map.kakao.com/11567579
217,https://place.map.kakao.com/764374529
218,https://place.map.kakao.com/1236230631
219,https://place.map.kakao.com/1365016719
220,https://place.map.kakao.com/1541357379
221,https://place.map.kakao.com/265211549
222,https://place.map.kakao.com/1209089174
223,https://place.map.kakao.com/1665769841
224,https://place.map.kakao.com/83246451
225,https://place.map.kakao.com/892131283
226,https://place.map.kakao.com/10560589
227,https://place.map.kakao.com/1036685970
228,https://place.map.kakao.com/10361687
229,https://place.map.kakao.com/589138753
230,https://place.map.kakao.com/2014258709
231,https://place.map.kakao.com/160178955
232,https://place.map.kakao.com/774922733
233,https://place.map.kakao.com/20082356
234,https://place.map.kakao.com/2047627551
235,https://place.map.kakao.com/1649788863
236,https://place.map.kakao.com/28718393
237,https://place.map.kakao.com/1435052345
238,https://place.map.kakao.com/333432190
239,https://place.map.kakao.com/91485793
240,https://place.map.kakao.com/438967509
241,https://place.map.kakao.com/10560589
242,https://place.map.kakao.com/1036685970
243,https://place.map.kakao.com/10361687
244,https://place.map.kakao.com/589138753
245,https://place.map.kakao.com/2014258709
246,https://place.map.kakao.com/160178955
247,https://place.map.kakao.com/774922733
248,https://place.map.kakao.com/20082356
249,https://place.map.kakao.com/2047627551
250,https://place.map.kakao.com/1649788863
251,https://place.map.kakao.com/28718393
252,https://place.map.kakao.com/1435052345
253,https://place.map.kakao.com/333432190
254,https://place.map.kakao.com/91485793
255,https://place.map.kakao.com/438967509
256,https://place.map.kakao.com/1119639144
257,https://place.map.kakao.com/1433138261
258,https://place.map.kakao.com/1611863174
259,https://place.map.kakao.com/11634973
260,https://place.map.kakao.com/770517610
261,https://place.map.kakao.com/1498762960
262,https://place.map.kakao.com/535761318
263,https://place.map.kakao.com/1554019024
264,https://place.map.kakao.com/1822626017
265,https://place.map.kakao.com/26006530
266,https://place.map.kakao.com/11062677
267,https://place.map.kakao.com/205548870
268,https://place.map.kakao.com/318332845
269,https://place.map.kakao.com/929132172
270,https://place.map.kakao.com/309707599
271,https://place.map.kakao.com/15189345
272,https://place.map.kakao.com/7985724
273,https://place.map.kakao.com/1065627364
274,https://place.map.kakao.com/1786427985
275,https://place.map.kakao.com/1632334394
276,https://place.map.kakao.com/1819325525
277,https://place.map.kakao.com/27359340
278,https://place.map.kakao.com/25933615
279,https://place.map.kakao.com/1480272698
280,https://place.map.kakao.com/453700382
281,https://place.map.kakao.com/207326909
282,https://place.map.kakao.com/1083342381
283,https://place.map.kakao.com/2485731
284,https://place.map.kakao.com/554066548
285,https://place.map.kakao.com/570522076
286,https://place.map.kakao.com/58385889
287,https://place.map.kakao.com/1832804999
288,https://place.map.kakao.com/637087679
289,https://place.map.kakao.com/27438279
290,https://place.map.kakao.com/18829773
291,https://place.map.kakao.com/10894827
292,https://place.map.kakao.com/899743322
293,https://place.map.kakao.com/1695257281
294,https://place.map.kakao.com/15508915
295,https://place.map.kakao.com/1325470116
296,https://place.map.kakao.com/453060892
297,https://place.map.kakao.com/1198322826
298,https://place.map.kakao.com/2139646226
299,https://place.map.kakao.com/540536496
300,https://place.map.kakao.com/19514248
301,https://place.map.kakao.com/876599819
302,https://place.map.kakao.com/179517302
303,https://place.map.kakao.com/1650333127
304,https://place.map.kakao.com/6215308
305,https://place.map.kakao.com/4774511
306,https://place.map.kakao.com/1243445015
307,https://place.map.kakao.com/8683021
308,https://place.map.kakao.com/1636782286
309,https://place.map.kakao.com/1883192464
310,https://place.map.kakao.com/575516645
311,https://place.map.kakao.com/1453910980
312,https://place.map.kakao.com/171778144
313,https://place.map.kakao.com/19197657
314,https://place.map.kakao.com/1443342149
315,https://place.map.kakao.com/1689944735
316,https://place.map.kakao.com/876599819
317,https://place.map.kakao.com/179517302
318,https://place.map.kakao.com/1650333127
319,https://place.map.kakao.com/6215308
320,https://place.map.kakao.com/4774511
321,https://place.map.kakao.com/1243445015
322,https://place.map.kakao.com/8683021
323,https://place.map.kakao.com/1636782286
324,https://place.map.kakao.com/1883192464
325,https://place.map.kakao.com/575516645
326,https://place.map.kakao.com/1453910980
327,https://place.map.kakao.com/171778144
328,https://place.map.kakao.com/19197657
329,https://place.map.kakao.com/1443342149
330,https://place.map.kakao.com/1689944735
331,https://place.map.kakao.com/11517876
332,https://place.map.kakao.com/1324929519
333,https://place.map.kakao.com/2121491926
334,https://place.map.kakao.com/656040666
335,https://place.map.kakao.com/12364642
336,https://place.map.kakao.com/1559930235
337,https://place.map.kakao.com/1204144787
338,https://place.map.kakao.com/887096776
339,https://place.map.kakao.com/373045848
340,https://place.map.kakao.com/690323283
341,https://place.map.kakao.com/1233957944
342,https://place.map.kakao.com/933917069
343,https://place.map.kakao.com/1320563937
344,https://place.map.kakao.com/78851879
345,https://place.map.kakao.com/14541898
346,https://place.map.kakao.com/228368455
347,https://place.map.kakao.com/1756224594
348,https://place.map.kakao.com/16748851
349,https://place.map.kakao.com/765114919
350,https://place.map.kakao.com/21359017
351,https://place.map.kakao.com/27197463
352,https://place.map.kakao.com/21339856
353,https://place.map.kakao.com/1748640860
354,https://place.map.kakao.com/794084189
355,https://place.map.kakao.com/6789812
356,https://place.map.kakao.com/1767899301
357,https://place.map.kakao.com/1499744274
358,https://place.map.kakao.com/1841647256
359,https://place.map.kakao.com/75869816
360,https://place.map.kakao.com/758364545
361,https://place.map.kakao.com/2043902510
362,https://place.map.kakao.com/143949936
363,https://place.map.kakao.com/678887360
364,https://place.map.kakao.com/1941750469
365,https://place.map.kakao.com/293871984
366,https://place.map.kakao.com/9426333
367,https://place.map.kakao.com/19330963
368,https://place.map.kakao.com/639520146
369,https://place.map.kakao.com/1595695771
370,https://place.map.kakao.com/1060897695
371,https://place.map.kakao.com/104799387
372,https://place.map.kakao.com/1618999358
373,https://place.map.kakao.com/20807966
374,https://place.map.kakao.com/27393012
375,https://place.map.kakao.com/650605185
376,https://place.map.kakao.com/1063493807
377,https://place.map.kakao.com/1445473104
378,https://place.map.kakao.com/1826932479
379,https://place.map.kakao.com/18901771
380,https://place.map.kakao.com/1156465218
381,https://place.map.kakao.com/942742067
382,https://place.map.kakao.com/1231799195
383,https://place.map.kakao.com/837917693
384,https://place.map.kakao.com/363053524
385,https://place.map.kakao.com/26933551
386,https://place.map.kakao.com/1440558147
387,https://place.map.kakao.com/1991331080
388,https://place.map.kakao.com/1672182177
389,https://place.map.kakao.com/764671951
390,https://place.map.kakao.com/23492395
391,https://place.map.kakao.com/1063493807
392,https://place.map.kakao.com/1445473104
393,https://place.map.kakao.com/1826932479
394,https://place.map.kakao.com/18901771
395,https://place.map.kakao.com/1156465218
396,https://place.map.kakao.com/942742067
397,https://place.map.kakao.com/1231799195
398,https://place.map.kakao.com/837917693
399,https://place.map.kakao.com/363053524
400,https://place.map.kakao.com/26933551
401,https://place.map.kakao.com/1440558147
402,https://place.map.kakao.com/1991331080
403,https://place.map.kakao.com/1672182177
404,https://place.map.kakao.com/764671951
405,https://place.map.kakao.com/23492395
406,https://place.map.kakao.com/2118617332
407,https://place.map.kakao.com/22045992
408,https://place.map.kakao.com/744702475
409,https://place.map.kakao.com/747079313
410,https://place.map.kakao.com/719942588
411,https://place.map.kakao.com/1870479134
412,https://place.map.kakao.com/2108018131
413,https://place.map.kakao.com/630976179
414,https://place.map.kakao.com/1066791199
415,https://place.map.kakao.com/471183363
416,https://place.map.kakao.com/941129928
417,https://place.map.kakao.com/1524937882
418,https://place.map.kakao.com/1394396204
419,https://place.map.kakao.com/16968053
420,https://place.map.kakao.com/191853147
421,https://place.map.kakao.com/27581491
422,https://place.map.kakao.com/612881213
423,https://place.map.kakao.com/27154943
424,https://place.map.kakao.com/1418521318
425,https://place.map.kakao.com/1389228859
426,https://place.map.kakao.com/282024497
427,https://place.map.kakao.com/597337755
428,https://place.map.kakao.com/1944974301
429,https://place.map.kakao.com/24160693
430,https://place.map.kakao.com/1078707938
431,https://place.map.kakao.com/1926333965
432,https://place.map.kakao.com/248441966
433,https://place.map.kakao.com/1961677700
434,https://place.map.kakao.com/23443413
435,https://place.map.kakao.com/21161431
436,https://place.map.kakao.com/580311272
437,https://place.map.kakao.com/418521967
438,https://place.map.kakao.com/1408900737
439,https://place.map.kakao.com/897666989
440,https://place.map.kakao.com/703401491
441,https://place.map.kakao.com/85403680
442,https://place.map.kakao.com/1034201649
443,https://place.map.kakao.com/361083715
444,https://place.map.kakao.com/1766811588
445,https://place.map.kakao.com/627036124
446,https://place.map.kakao.com/292235985
447,https://place.map.kakao.com/1750497551
448,https://place.map.kakao.com/1428766971
449,https://place.map.kakao.com/167967509
450,https://place.map.kakao.com/1572072115
451,https://place.map.kakao.com/1469793608
452,https://place.map.kakao.com/781249361
453,https://place.map.kakao.com/1913760014
454,https://place.map.kakao.com/1673819877
455,https://place.map.kakao.com/1526214744
456,https://place.map.kakao.com/1901169229
457,https://place.map.kakao.com/979059597
458,https://place.map.kakao.com/261250031
459,https://place.map.kakao.com/1473028639
460,https://place.map.kakao.com/2020200484
461,https://place.map.kakao.com/21320529
462,https://place.map.kakao.com/23009528
463,https://place.map.kakao.com/952808054
464,https://place.map.kakao.com/27510146
465,https://place.map.kakao.com/24711457
466,https://place.map.kakao.com/1469793608
467,https://place.map.kakao.com/781249361
468,https://place.map.kakao.com/1913760014
469,https://place.map.kakao.com/1673819877
470,https://place.map.kakao.com/1526214744
471,https://place.map.kakao.com/1901169229
472,https://place.map.kakao.com/979059597
473,https://place.map.kakao.com/261250031
474,https://place.map.kakao.com/1473028639
475,https://place.map.kakao.com/2020200484
476,https://place.map.kakao.com/21320529
477,https://place.map.kakao.com/23009528
478,https://place.map.kakao.com/952808054
479,https://place.map.kakao.com/27510146
480,https://place.map.kakao.com/24711457
481,https://place.map.kakao.com/2085850657
482,https://place.map.kakao.com/13143025
483,https://place.map.kakao.com/1230987635
484,https://place.map.kakao.com/577978017
485,https://place.map.kakao.com/1123960314
486,https://place.map.kakao.com/11946368
487,https://place.map.kakao.com/2045252460
488,https://place.map.kakao.com/1893975158
489,https://place.map.kakao.com/762026624
490,https://place.map.kakao.com/834712892
491,https://place.map.kakao.com/1427614215
492,https://place.map.kakao.com/1866106760
493,https://place.map.kakao.com/661634029
494,https://place.map.kakao.com/824736542
495,https://place.map.kakao.com/880612917
496,https://place.map.kakao.com/1035055143
497,https://place.map.kakao.com/13036289
498,https://place.map.kakao.com/650882727
499,https://place.map.kakao.com/628884699
500,https://place.map.kakao.com/100665689
501,https://place.map.kakao.com/1342456271
502,https://place.map.kakao.com/61771164
503,https://place.map.kakao.com/932097349
504,https://place.map.kakao.com/1044931041
505,https://place.map.kakao.com/455948783
506,https://place.map.kakao.com/9363421
507,https://place.map.kakao.com/13074503
508,https://place.map.kakao.com/1805485832
509,https://place.map.kakao.com/527193628
510,https://place.map.kakao.com/287841606
511,https://place.map.kakao.com/2023506982
512,https://place.map.kakao.com/140844412
513,https://place.map.kakao.com/19736875
514,https://place.map.kakao.com/8396388
515,https://place.map.kakao.com/21543560
